ID,First Name,Last Name,Email,Phone,Customer Type,Member Type
100,Carol,Shaw,cshaw0@mlb.com,(206)804-8771,Individual,1
101,Elizabeth,Carr,ecarr1@oracle.com,(512)187-2507,Individual,1
102,Ernest,Ramos,eramos2@plala.or.jp,(816)540-4257,Individual,1
103,Jane,Carter,jcarter3@harvard.edu,(214)839-0542,Individual,1
104,Martha,Cooper,mcooper4@go.com,(727)235-5696,Individual,1
105,Patricia,Fox,pfox5@hubpages.com,(240)937-3491,Individual,1
106,Jack,Peters,jpeters6@java.com,(832)171-7210,Individual,1
107,Brian,Mcdonald,bmcdonald7@ft.com,(405)255-8820,Individual,1
108,Nicholas,Clark,nclark8@miibeian.gov.cn,(203)941-4125,Individual,1
109,Cheryl,Robinson,crobinson9@tuttocitta.it,(205)646-1280,Individual,1
110,Doris,Ramirez,dramireza@cbslocal.com,(574)199-9006,Individual,1
111,Sandra,Ortiz,sortizb@cloudflare.com,(757)407-9411,Individual,1
112,Timothy,Garrett,tgarrettc@cisco.com,(513)298-2899,Individual,1
113,Chris,Williamson,cwilliamsond@fotki.com,(505)896-8356,Business,1
114,Norma,Scott,nscotte@dell.com,(612)432-2596,Individual,1
115,Brandon,Webb,bwebbf@fastcompany.com,(915)364-3590,Individual,1
116,Stephen,Mason,smasong@shinystat.com,(415)861-1390,Individual,1
117,Gloria,Armstrong,garmstrongh@unicef.org,(863)646-4449,Individual,2
118,Beverly,Meyer,bmeyeri@cyberchimps.com,(208)900-5215,Individual,2
119,Janice,Mitchell,jmitchellj@lycos.com,(360)759-7569,Individual,2
120,Ronald,Murphy,rmurphyk@yandex.ru,(303)447-5945,Individual,2
121,Ruby,Lawson,rlawsonl@ted.com,(361)927-9275,Individual,2
122,Jean,Palmer,jpalmerm@delicious.com,(402)166-3811,Individual,3
123,Shawn,Peters,spetersn@auda.org.au,(754)644-1728,Business,3
124,Pamela,Welch,pwelcho@wordpress.com,(303)685-7506,Business,3
125,Kathy,Alexander,kalexanderp@ebay.co.uk,(713)885-7289,Individual,3
126,James,Howard,jhowardq@dedecms.com,(814)712-1655,Individual,3
127,Steven,Hawkins,shawkinsr@geocities.com,(386)399-7311,Individual,3
128,Randy,Gibson,rgibsons@jiathis.com,(202)482-9082,Individual,3
129,Arthur,Williams,awilliamst@cdc.gov,(210)398-3890,Individual,3
130,Justin,Gray,jgrayu@bravesites.com,(316)348-7229,Individual,3
131,Juan,Patterson,jpattersonv@google.ca,(239)586-8646,Individual,3
132,Tina,Perez,tperezw@goo.gl,(202)681-7649,Individual,3
133,Earl,Carter,ecarterx@foxnews.com,(585)898-4271,Individual,3
134,Kelly,Taylor,ktaylory@who.int,(612)375-7927,Individual,3
135,Doris,Watkins,dwatkinsz@odnoklassniki.ru,(615)146-9069,Individual,3
136,Rebecca,Graham,rgraham10@elegantthemes.com,(803)551-8204,Individual,3
137,Pamela,Myers,pmyers11@drupal.org,(904)437-0721,Individual,3
138,Lawrence,Hicks,lhicks12@friendfeed.com,(407)715-6328,Individual,3
139,Brian,Mccoy,bmccoy13@github.com,(605)640-2099,Individual,3
140,Diane,Perez,dperez14@illinois.edu,(801)689-1009,Individual,3
141,Elizabeth,Jordan,ejordan15@icq.com,(203)229-6571,Individual,3
142,Patrick,Young,pyoung16@blogs.com,(334)677-3271,Business,3
143,Wayne,Bradley,wbradley17@answers.com,(843)376-4157,Business,3
144,Anne,Hicks,ahicks18@dion.ne.jp,(518)284-3424,Individual,3
145,Steven,Gardner,sgardner19@foxnews.com,(804)195-7390,Individual,3
146,Donald,Jackson,djackson1a@hp.com,(203)197-6690,Individual,3
147,Michael,Marshall,mmarshall1b@buzzfeed.com,(316)177-7839,Business,3
148,Wayne,Stanley,wstanley1c@washingtonpost.com,(216)106-9059,Individual,3
149,Emily,Watkins,ewatkins1d@bandcamp.com,(573)848-0093,Individual,3
150,Sean,Myers,smyers1e@dot.gov,(214)923-5599,Individual,4
151,Earl,Richards,erichards1f@google.nl,(281)133-3455,Individual,4
152,Brandon,Murray,bmurray1g@state.tx.us,(843)611-5603,Individual,4
153,Matthew,Jacobs,mjacobs1h@linkedin.com,(336)125-0595,Individual,4
154,Diane,Scott,dscott1i@ft.com,(616)994-9361,Individual,4
155,Sarah,Taylor,staylor1j@yandex.ru,(937)243-9631,Individual,4
156,Andrew,Nichols,anichols1k@time.com,(405)462-7126,Individual,4
157,Sarah,Cooper,scooper1l@nba.com,(812)331-9986,Individual,4
158,Benjamin,Fuller,bfuller1m@nytimes.com,(405)815-9421,Individual,1
159,Roger,Williamson,rwilliamson1n@businesswire.com,(915)549-5367,Individual,1
160,Keith,Duncan,kduncan1o@google.com.au,(806)318-7142,Individual,1
161,Diane,Bishop,dbishop1p@vk.com,(205)735-8066,Business,1
162,Rebecca,Sanchez,rsanchez1q@cyberchimps.com,(916)849-0414,Individual,1
163,Jack,Turner,jturner1r@google.com.hk,(202)640-4186,Individual,1
164,Joshua,Jordan,jjordan1s@biblegateway.com,(405)850-1932,Individual,1
165,Jane,Meyer,jmeyer1t@deviantart.com,(480)411-9714,Individual,1
166,Thomas,Henderson,thenderson1u@theguardian.com,(718)593-8113,Individual,1
167,Brandon,Matthews,bmatthews1v@hostgator.com,(302)698-9570,Individual,1
168,Mark,Perkins,mperkins1w@amazon.com,(708)686-6103,Individual,1
169,Willie,Castillo,wcastillo1x@geocities.jp,(573)387-7555,Business,1
170,Andrew,Foster,afoster1y@europa.eu,(901)947-0766,Business,1
171,Andrew,Ortiz,aortiz1z@qq.com,(949)234-1512,Individual,1
172,Katherine,Butler,kbutler20@mediafire.com,(303)479-3187,Individual,1
173,Henry,Woods,hwoods21@fema.gov,(718)244-0223,Individual,1
174,Janet,Murphy,jmurphy22@php.net,(484)491-6418,Individual,1
175,Richard,Henderson,rhenderson23@360.cn,(703)668-7022,Individual,1
176,Antonio,Meyer,ameyer24@weather.com,(626)579-5161,Individual,1
177,Wayne,Robertson,wrobertson25@walmart.com,(202)264-0678,Individual,1
178,Cheryl,Sanchez,csanchez26@marketwatch.com,(612)423-1305,Individual,1
179,Michael,Green,mgreen27@google.co.jp,(330)828-1467,Individual,1
180,Shawn,Martin,smartin28@abc.net.au,(212)185-8360,Business,1
181,Louise,Cook,lcook29@mozilla.org,(704)875-0555,Business,1
182,Barbara,Olson,bolson2a@washington.edu,(727)616-5916,Individual,1
183,Dorothy,Meyer,dmeyer2b@weibo.com,(434)454-3896,Individual,1
184,Kathleen,Adams,kadams2c@thetimes.co.uk,(570)389-8270,Individual,1
185,Michael,Porter,mporter2d@statcounter.com,(516)204-5874,Individual,1
186,Todd,Reed,treed2e@furl.net,(951)162-0813,Individual,1
187,Marilyn,Murray,mmurray2f@webs.com,(915)548-3952,Individual,1
188,Tammy,Knight,tknight2g@friendfeed.com,(334)240-0352,Individual,1
189,Ryan,Scott,rscott2h@360.cn,(716)930-6015,Individual,1
190,Louise,Reed,lreed2i@slideshare.net,(518)351-9744,Individual,1
191,Antonio,Freeman,afreeman2j@blog.com,(410)684-0706,Business,1
192,Steven,Hughes,shughes2k@biglobe.ne.jp,(754)430-9285,Individual,1
193,Barbara,Bell,bbell2l@google.pl,(213)127-0383,Individual,1
194,Brian,Shaw,bshaw2m@1688.com,(208)703-6496,Individual,1
195,Annie,Kelley,akelley2n@eventbrite.com,(402)519-6350,Individual,1
196,Charles,Gordon,cgordon2o@xrea.com,(803)622-2264,Individual,1
197,Larry,Chavez,lchavez2p@google.com,(360)551-8252,Individual,1
198,Amanda,Phillips,aphillips2q@mediafire.com,(330)724-4439,Individual,1
199,Janet,Perez,jperez2r@cbslocal.com,(817)516-6489,Business,1
200,Janet,Kelley,jkelley2s@live.com,(305)539-5954,Individual,2
201,Joseph,Wagner,jwagner2t@typepad.com,(813)402-3213,Individual,2
202,Alice,Freeman,afreeman2u@time.com,(904)533-7110,Individual,2
203,Diane,Kelly,dkelly2v@fastcompany.com,(229)336-9527,Individual,2
204,Donald,Gilbert,dgilbert2w@irs.gov,(309)336-8606,Individual,2
205,Ryan,Rice,rrice2x@unc.edu,(714)794-8090,Individual,2
206,Chris,Wallace,cwallace2y@addtoany.com,(719)736-7848,Individual,3
207,Betty,Miller,bmiller2z@bravesites.com,(915)315-0516,Individual,3
208,Mark,Gray,mgray30@bluehost.com,(504)742-3582,Individual,3
209,Sarah,Webb,swebb31@cnn.com,(512)976-0804,Individual,3
210,Norma,Ramos,nramos32@jigsy.com,(813)475-8758,Individual,3
211,Benjamin,Garcia,bgarcia33@meetup.com,(254)943-5533,Individual,3
212,Frank,Castillo,fcastillo34@list-manage.com,(609)870-3651,Individual,3
213,Jerry,Chapman,jchapman35@slideshare.net,(623)450-0823,Individual,3
214,Albert,Fisher,afisher36@pbs.org,(859)821-7618,Individual,3
215,Juan,Price,jprice37@barnesandnoble.com,(202)808-7431,Business,3
216,Michelle,Clark,mclark38@tinyurl.com,(203)601-7270,Business,3
217,Sharon,Wallace,swallace39@jiathis.com,(919)179-3974,Individual,3
218,Lori,Walker,lwalker3a@nasa.gov,(940)804-0359,Individual,3
219,Henry,Roberts,hroberts3b@tumblr.com,(215)484-0202,Individual,3
220,Julia,Larson,jlarson3c@yandex.ru,(404)568-5137,Individual,3
221,Nancy,Garza,ngarza3d@mozilla.org,(602)157-9607,Individual,3
222,Denise,Burton,dburton3e@tuttocitta.it,(317)535-4775,Individual,3
223,Janet,Griffin,jgriffin3f@tmall.com,(562)747-2061,Individual,3
224,Amanda,Greene,agreene3g@imageshack.us,(702)984-3974,Individual,3
225,Jonathan,Gonzales,jgonzales3h@google.com,(202)641-2038,Business,3
226,Eugene,Jones,ejones3i@independent.co.uk,(330)209-9549,Business,3
227,Michael,Anderson,manderson3j@com.com,(316)313-9367,Individual,3
228,Jason,Rivera,jrivera3k@tamu.edu,(336)499-5334,Individual,3
229,Louise,Gray,lgray3l@wordpress.org,(202)238-9297,Individual,3
230,Rose,Frazier,rfrazier3m@walmart.com,(215)957-8575,Individual,3
231,Ronald,Larson,rlarson3n@pagesperso-orange.fr,(850)925-2402,Business,3
232,Louis,Cunningham,lcunningham3o@bravesites.com,(309)839-6739,Business,3
233,Kathryn,Perez,kperez3p@angelfire.com,(806)987-0504,Business,3
234,Randy,Parker,rparker3q@reddit.com,(951)488-7542,Individual,3
235,Richard,Arnold,rarnold3r@nhs.uk,(206)737-6446,Individual,3
236,Shawn,Mendoza,smendoza3s@wikipedia.org,(786)928-4403,Individual,3
237,Christine,Cox,ccox3t@prweb.com,(716)524-0663,Individual,3
238,Patricia,Murray,pmurray3u@deviantart.com,(330)220-6719,Individual,3
239,Joyce,Rivera,jrivera3v@mail.ru,(213)844-6935,Individual,3
240,Earl,Carr,ecarr3w@noaa.gov,(702)362-6613,Individual,3
241,Lawrence,Kelley,lkelley3x@pen.io,(502)652-8141,Individual,1
242,Matthew,Gomez,mgomez3y@upenn.edu,(305)171-1156,Individual,1
243,Anthony,Jacobs,ajacobs3z@businesswire.com,(215)633-0705,Individual,1
244,Diane,Jenkins,djenkins40@nydailynews.com,(812)919-1806,Individual,1
245,Kimberly,Harvey,kharvey41@arstechnica.com,(718)977-2965,Business,1
246,Joseph,Garcia,jgarcia42@stanford.edu,(754)478-7503,Individual,1
247,Antonio,Gutierrez,agutierrez43@moonfruit.com,(405)431-0433,Individual,1
248,Anna,Wallace,awallace44@mapquest.com,(941)539-8620,Individual,1
249,Harold,Young,hyoung45@google.com.au,(862)881-0790,Business,1
250,Alice,Fisher,afisher46@wikipedia.org,(619)750-9376,Business,1
251,Kathy,Duncan,kduncan47@naver.com,(251)503-2454,Individual,1
252,Mildred,Williams,mwilliams48@sun.com,(661)691-6057,Individual,1
253,Teresa,Reed,treed49@prnewswire.com,(619)152-4245,Individual,1
254,Anthony,King,aking4a@wp.com,(281)318-2460,Individual,1
255,Tina,Kelley,tkelley4b@slate.com,(214)711-7757,Individual,1
256,Ashley,Vasquez,avasquez4c@dailymail.co.uk,(904)224-2121,Individual,1
257,Ann,Woods,awoods4d@simplemachines.org,(915)107-9976,Individual,1
258,Daniel,Hicks,dhicks4e@kickstarter.com,(402)869-0401,Individual,1
259,Debra,Jones,djones4f@weibo.com,(914)467-2219,Individual,1
260,Norma,Lawson,nlawson4g@netlog.com,(215)213-8307,Individual,1
261,Elizabeth,Robertson,erobertson4h@state.tx.us,(210)219-3930,Individual,1
262,Paul,Ray,pray4i@sogou.com,(202)341-0847,Individual,1
263,Cynthia,Wallace,cwallace4j@themeforest.net,(386)362-3268,Individual,1
264,Larry,Burns,lburns4k@a8.net,(901)790-7398,Individual,1
265,Julia,Morrison,jmorrison4l@sciencedirect.com,(765)263-2600,Individual,1
266,David,Lee,dlee4m@themeforest.net,(510)791-8035,Individual,1
267,Virginia,Romero,vromero4n@creativecommons.org,(401)279-0610,Individual,1
268,Anne,Campbell,acampbell4o@blogger.com,(262)720-2274,Individual,1
269,Beverly,Lee,blee4p@themeforest.net,(937)483-5590,Individual,1
270,Harold,Scott,hscott4q@goodreads.com,(312)537-8461,Individual,1
271,Lois,Edwards,ledwards4r@dagondesign.com,(586)930-0475,Business,1
272,Mary,Reid,mreid4s@nationalgeographic.com,(803)297-6146,Individual,1
273,Emily,Patterson,epatterson4t@dailymotion.com,(254)842-1714,Individual,1
274,Jean,Stanley,jstanley4u@sogou.com,(971)114-7204,Individual,1
275,James,Watkins,jwatkins4v@discuz.net,(727)429-0276,Individual,1
276,Christopher,Ramos,cramos4w@sciencedirect.com,(406)105-5737,Individual,1
277,Jessica,Green,jgreen4x@foxnews.com,(210)732-4312,Individual,3
278,Michelle,Black,mblack4y@canalblog.com,(909)961-8703,Individual,3
279,Ernest,Thompson,ethompson4z@apple.com,(917)470-7912,Business,3
280,Katherine,Johnston,kjohnston50@smugmug.com,(212)835-6059,Individual,3
281,Douglas,Dean,ddean51@yelp.com,(786)516-8021,Individual,3
282,Anne,Welch,awelch52@newsvine.com,(504)460-7093,Individual,3
283,Harold,Patterson,hpatterson53@amazon.de,(602)840-8521,Individual,3
284,Doris,Oliver,doliver54@aol.com,(215)992-5766,Individual,3
285,Rebecca,Wright,rwright55@shutterfly.com,(517)253-0435,Business,3
286,Kenneth,Fox,kfox56@paginegialle.it,(928)349-0482,Individual,3
287,Samuel,Harper,sharper57@bloomberg.com,(314)303-6004,Individual,3
288,Jacqueline,Ryan,jryan58@dropbox.com,(407)731-3293,Individual,3
289,Teresa,Garcia,tgarcia59@friendfeed.com,(971)249-6572,Individual,3
290,Sarah,Matthews,smatthews5a@usatoday.com,(240)241-4667,Individual,3
291,Martin,Hicks,mhicks5b@topsy.com,(202)341-2663,Individual,3
292,Roger,Welch,rwelch5c@globo.com,(517)291-9112,Individual,1
293,Denise,Fernandez,dfernandez5d@dedecms.com,(509)137-0526,Business,1
294,Jerry,Dixon,jdixon5e@ed.gov,(423)909-3890,Individual,1
295,Patrick,Rivera,privera5f@ning.com,(412)305-9063,Individual,1
296,Jack,Hudson,jhudson5g@wufoo.com,(956)915-8711,Individual,1
297,George,Cook,gcook5h@rediff.com,(616)962-6300,Individual,1
298,Johnny,Johnston,jjohnston5i@dion.ne.jp,(515)221-3729,Individual,1
299,Bruce,Perez,bperez5j@netlog.com,(801)710-8211,Individual,1
300,Joan,Brown,jbrown5k@prlog.org,(801)747-3037,Individual,1
301,Amanda,Morrison,amorrison5l@1688.com,(408)574-1126,Individual,1
302,Deborah,Kennedy,dkennedy5m@msn.com,(937)133-3235,Individual,1
303,Fred,Martinez,fmartinez5n@irs.gov,(202)976-3041,Individual,1
304,Laura,Chavez,lchavez5o@washington.edu,(401)680-8118,Business,1
305,Jack,White,jwhite5p@google.com,(317)288-2348,Individual,1
306,Andrew,Lewis,alewis5q@sina.com.cn,(316)870-5446,Individual,1
307,Jack,Foster,jfoster5r@mozilla.com,(816)345-0538,Individual,1
308,Alice,Gutierrez,agutierrez5s@fda.gov,(785)635-5145,Individual,1
309,Bobby,Ray,bray5t@google.ca,(907)483-8188,Business,1
310,Heather,Ellis,hellis5u@123-reg.co.uk,(410)265-3794,Individual,1
311,Karen,Porter,kporter5v@yandex.ru,(720)805-7418,Individual,1
312,Robert,Larson,rlarson5w@wikispaces.com,(504)853-5944,Individual,1
313,William,Murphy,wmurphy5x@uiuc.edu,(903)678-5276,Individual,1
314,Jerry,Collins,jcollins5y@tripod.com,(559)707-6751,Individual,1
315,Julia,Freeman,jfreeman5z@delicious.com,(513)390-4199,Individual,1
316,Denise,Armstrong,darmstrong60@mediafire.com,(850)138-2065,Individual,1
317,Ruth,Morris,rmorris61@whitehouse.gov,(405)986-4530,Individual,1
318,Johnny,Butler,jbutler62@yolasite.com,(786)743-1707,Individual,4
319,Tina,Jackson,tjackson63@narod.ru,(305)791-7531,Individual,4
320,Alan,Lawson,alawson64@livejournal.com,(816)804-1726,Individual,4
321,Denise,Myers,dmyers65@ucoz.com,(202)646-6358,Individual,4
322,Brenda,Day,bday66@myspace.com,(814)920-1804,Individual,4
323,Peter,Hall,phall67@ca.gov,(405)690-9653,Individual,4
324,Frank,Bell,fbell68@sbwire.com,(501)787-6038,Business,3
325,George,Castillo,gcastillo69@360.cn,(865)335-3279,Individual,3
326,Margaret,Dunn,mdunn6a@topsy.com,(602)971-3895,Individual,3
327,Jason,Owens,jowens6b@wiley.com,(608)283-7109,Individual,3
328,Brenda,Kelly,bkelly6c@boston.com,(865)239-5945,Individual,3
329,Lillian,Green,lgreen6d@cdc.gov,(719)750-8514,Individual,3
330,Paula,Campbell,pcampbell6e@scientificamerican.com,(203)981-1637,Individual,3
331,Jessica,Dean,jdean6f@wiley.com,(336)567-4477,Individual,3
332,Jennifer,Davis,jdavis6g@elpais.com,(210)288-0844,Business,3
333,Nicole,Hanson,nhanson6h@so-net.ne.jp,(361)164-4430,Individual,3
334,Lois,Warren,lwarren6i@intel.com,(205)922-6347,Individual,3
335,Wayne,Shaw,wshaw6j@cbsnews.com,(850)377-5441,Individual,3
336,Aaron,Robertson,arobertson6k@wunderground.com,(218)477-5056,Business,3
337,Harry,Watkins,hwatkins6l@oracle.com,(217)811-0247,Business,3
338,Michael,Johnston,mjohnston6m@prweb.com,(404)535-2335,Individual,2
339,Terry,Wood,twood6n@geocities.com,(210)847-1508,Individual,2
340,Daniel,Chapman,dchapman6o@163.com,(424)275-3503,Individual,2
341,Richard,Hart,rhart6p@qq.com,(603)699-0721,Individual,2
342,Patrick,Barnes,pbarnes6q@washingtonpost.com,(641)467-3797,Individual,2
343,Raymond,Brooks,rbrooks6r@desdev.cn,(810)307-5152,Individual,2
344,Peter,Anderson,panderson6s@ihg.com,(626)334-3126,Individual,2
345,Jessica,Grant,jgrant6t@psu.edu,(410)279-2385,Individual,2
346,Linda,Parker,lparker6u@hexun.com,(334)830-3103,Individual,2
347,Brandon,Elliott,belliott6v@yellowbook.com,(312)468-6917,Individual,2
348,Gloria,Marshall,gmarshall6w@bandcamp.com,(626)788-3519,Individual,2
349,Judith,Kelly,jkelly6x@abc.net.au,(510)477-7211,Individual,2
350,Jimmy,Johnston,jjohnston6y@lycos.com,(847)498-1986,Individual,2
351,Mark,Adams,madams6z@eepurl.com,(330)390-7984,Individual,2
352,Debra,Rice,drice70@jugem.jp,(941)187-2482,Individual,2
353,Helen,Stephens,hstephens71@ucoz.com,(202)918-1205,Individual,2
354,Kathy,Harris,kharris72@privacy.gov.au,(401)772-3797,Individual,2
355,Thomas,Carter,tcarter73@imdb.com,(915)404-8800,Individual,2
356,Frances,Fields,ffields74@edublogs.org,(410)601-3685,Individual,2
357,Jacqueline,Hawkins,jhawkins75@eventbrite.com,(602)640-6417,Individual,2
358,Janet,Morgan,jmorgan76@icq.com,(952)733-0296,Individual,2
359,Ruth,Garcia,rgarcia77@fc2.com,(215)987-0528,Individual,2
360,Carlos,Hicks,chicks78@upenn.edu,(330)596-3441,Individual,2
361,Juan,Wagner,jwagner79@ihg.com,(816)794-0480,Individual,2
362,Linda,Fields,lfields7a@cornell.edu,(804)662-9990,Individual,2
363,Lori,Wood,lwood7b@java.com,(615)919-7431,Individual,2
364,Stephen,Jacobs,sjacobs7c@dedecms.com,(803)274-2391,Individual,2
365,Randy,Williams,rwilliams7d@scientificamerican.com,(626)373-9914,Individual,2
366,Brandon,Black,bblack7e@com.com,(816)541-5044,Individual,2
367,Jonathan,Price,jprice7f@sohu.com,(225)386-6082,Individual,2
368,Brandon,Rose,brose7g@dailymotion.com,(520)692-8406,Individual,2
369,Daniel,Franklin,dfranklin7h@mapy.cz,(404)861-0120,Individual,2
370,Marie,Romero,mromero7i@fotki.com,(917)433-5318,Individual,1
371,Melissa,Wheeler,mwheeler7j@jimdo.com,(516)641-4662,Individual,1
372,Fred,Morris,fmorris7k@yandex.ru,(202)992-8383,Individual,1
373,Michael,Burke,mburke7l@spiegel.de,(765)699-6462,Individual,4
374,Sara,Phillips,sphillips7m@bloglovin.com,(804)171-1256,Business,3
375,Angela,Hernandez,ahernandez7n@furl.net,(860)450-9884,Individual,1
376,Patricia,Carroll,pcarroll7o@jiathis.com,(661)496-7816,Individual,2
377,Emily,Ryan,eryan7p@dmoz.org,(754)154-3364,Individual,2
378,Joan,Stone,jstone7q@furl.net,(202)785-1176,Individual,4
379,Joshua,Rivera,jrivera7r@sakura.ne.jp,(202)351-0177,Individual,3
380,Amanda,Bowman,abowman7s@barnesandnoble.com,(816)919-3527,Individual,1
381,Stephen,Gray,sgray7t@kickstarter.com,(919)992-0939,Individual,1
382,Sean,Rodriguez,srodriguez7u@oakley.com,(813)971-9753,Individual,1
383,Sandra,Patterson,spatterson7v@unc.edu,(850)181-9843,Business,1
384,Rose,Nichols,rnichols7w@princeton.edu,(516)516-9453,Business,1
385,Stephanie,Wallace,swallace7x@ow.ly,(305)712-5316,Individual,1
386,Anthony,Carter,acarter7y@newyorker.com,(480)342-8896,Individual,1
387,Timothy,Powell,tpowell7z@ocn.ne.jp,(239)709-4562,Business,1
388,Albert,Baker,abaker80@dagondesign.com,(202)605-5298,Individual,1
389,Jerry,Bailey,jbailey81@usgs.gov,(507)746-0956,Individual,1
390,Heather,Murphy,hmurphy82@wiley.com,(847)103-7136,Individual,1
391,Patricia,Perez,pperez83@hp.com,(814)169-5409,Individual,1
392,Brian,Sullivan,bsullivan84@multiply.com,(202)804-6133,Individual,1
393,Aaron,Taylor,ataylor85@pbs.org,(210)195-9947,Individual,1
394,Frances,Jones,fjones86@wired.com,(361)941-0866,Individual,1
395,Diana,Hicks,dhicks87@bloglovin.com,(513)289-6421,Individual,1
396,Thomas,Griffin,tgriffin88@smugmug.com,(801)631-7393,Business,1
397,Jonathan,Turner,jturner89@fc2.com,(310)968-4752,Individual,1
398,Jeremy,Robinson,jrobinson8a@gnu.org,(616)146-1693,Individual,1
399,David,Robertson,drobertson8b@istockphoto.com,(404)982-4393,Individual,1
